ligand_id,target_id,replicate,docked_pdbqt,docked_sdf,energies
R1881,1z95,1,"['/home/screener/files/prost_canc/vina_inib/results/1z95/replicate 1/R1881/1z95_R1881_2_replicate1.pdbqt', '/home/screener/files/prost_canc/vina_inib/results/1z95/replicate 1/R1881/1z95_R1881_1_replicate1.pdbqt', '/home/screener/files/prost_canc/vina_inib/results/1z95/replicate 1/R1881/1z95_R1881_0_replicate1.pdbqt', '/home/screener/files/prost_canc/vina_inib/results/1z95/replicate 1/R1881/1z95_R1881_3_replicate1.pdbqt', '/home/screener/files/prost_canc/vina_inib/results/1z95/replicate 1/R1881/1z95_R1881_4_replicate1.pdbqt']","['/home/screener/files/prost_canc/vina_inib/results/1z95/replicate 1/R1881/1z95_R1881_2_replicate1.sdf', '/home/screener/files/prost_canc/vina_inib/results/1z95/replicate 1/R1881/1z95_R1881_1_replicate1.sdf', '/home/screener/files/prost_canc/vina_inib/results/1z95/replicate 1/R1881/1z95_R1881_0_replicate1.sdf', '/home/screener/files/prost_canc/vina_inib/results/1z95/replicate 1/R1881/1z95_R1881_3_replicate1.sdf', '/home/screener/files/prost_canc/vina_inib/results/1z95/replicate 1/R1881/1z95_R1881_4_replicate1.sdf']","[-9.872, -9.929, -8.625, -8.964, -9.231]"
Testosterone,1z95,1,"['/home/screener/files/prost_canc/vina_inib/results/1z95/replicate 1/Testosterone/1z95_Testosterone_0_replicate1.pdbqt', '/home/screener/files/prost_canc/vina_inib/results/1z95/replicate 1/Testosterone/1z95_Testosterone_1_replicate1.pdbqt', '/home/screener/files/prost_canc/vina_inib/results/1z95/replicate 1/Testosterone/1z95_Testosterone_3_replicate1.pdbqt', '/home/screener/files/prost_canc/vina_inib/results/1z95/replicate 1/Testosterone/1z95_Testosterone_2_replicate1.pdbqt', '/home/screener/files/prost_canc/vina_inib/results/1z95/replicate 1/Testosterone/1z95_Testosterone_4_replicate1.pdbqt']","['/home/screener/files/prost_canc/vina_inib/results/1z95/replicate 1/Testosterone/1z95_Testosterone_0_replicate1.sdf', '/home/screener/files/prost_canc/vina_inib/results/1z95/replicate 1/Testosterone/1z95_Testosterone_1_replicate1.sdf', '/home/screener/files/prost_canc/vina_inib/results/1z95/replicate 1/Testosterone/1z95_Testosterone_3_replicate1.sdf', '/home/screener/files/prost_canc/vina_inib/results/1z95/replicate 1/Testosterone/1z95_Testosterone_2_replicate1.sdf', '/home/screener/files/prost_canc/vina_inib/results/1z95/replicate 1/Testosterone/1z95_Testosterone_4_replicate1.sdf']","[-8.114, -7.972, -6.237, -7.499, -7.617]"
RBICALUTAMIDE,1z95,1,"['/home/screener/files/prost_canc/vina_inib/results/1z95/replicate 1/RBICALUTAMIDE/1z95_RBICALUTAMIDE_0_replicate1.pdbqt', '/home/screener/files/prost_canc/vina_inib/results/1z95/replicate 1/RBICALUTAMIDE/1z95_RBICALUTAMIDE_1_replicate1.pdbqt', '/home/screener/files/prost_canc/vina_inib/results/1z95/replicate 1/RBICALUTAMIDE/1z95_RBICALUTAMIDE_2_replicate1.pdbqt', '/home/screener/files/prost_canc/vina_inib/results/1z95/replicate 1/RBICALUTAMIDE/1z95_RBICALUTAMIDE_3_replicate1.pdbqt', '/home/screener/files/prost_canc/vina_inib/results/1z95/replicate 1/RBICALUTAMIDE/1z95_RBICALUTAMIDE_4_replicate1.pdbqt']","['/home/screener/files/prost_canc/vina_inib/results/1z95/replicate 1/RBICALUTAMIDE/1z95_RBICALUTAMIDE_0_replicate1.sdf', '/home/screener/files/prost_canc/vina_inib/results/1z95/replicate 1/RBICALUTAMIDE/1z95_RBICALUTAMIDE_1_replicate1.sdf', '/home/screener/files/prost_canc/vina_inib/results/1z95/replicate 1/RBICALUTAMIDE/1z95_RBICALUTAMIDE_2_replicate1.sdf', '/home/screener/files/prost_canc/vina_inib/results/1z95/replicate 1/RBICALUTAMIDE/1z95_RBICALUTAMIDE_3_replicate1.sdf', '/home/screener/files/prost_canc/vina_inib/results/1z95/replicate 1/RBICALUTAMIDE/1z95_RBICALUTAMIDE_4_replicate1.sdf']","[-10.408, -10.363, -10.44, -10.351, -10.432]"
MDMBCHMINACA,1z95,1,"['/home/screener/files/prost_canc/vina_inib/results/1z95/replicate 1/MDMBCHMINACA/1z95_MDMBCHMINACA_0_replicate1.pdbqt', '/home/screener/files/prost_canc/vina_inib/results/1z95/replicate 1/MDMBCHMINACA/1z95_MDMBCHMINACA_2_replicate1.pdbqt', '/home/screener/files/prost_canc/vina_inib/results/1z95/replicate 1/MDMBCHMINACA/1z95_MDMBCHMINACA_1_replicate1.pdbqt', '/home/screener/files/prost_canc/vina_inib/results/1z95/replicate 1/MDMBCHMINACA/1z95_MDMBCHMINACA_3_replicate1.pdbqt', '/home/screener/files/prost_canc/vina_inib/results/1z95/replicate 1/MDMBCHMINACA/1z95_MDMBCHMINACA_4_replicate1.pdbqt']","['/home/screener/files/prost_canc/vina_inib/results/1z95/replicate 1/MDMBCHMINACA/1z95_MDMBCHMINACA_0_replicate1.sdf', '/home/screener/files/prost_canc/vina_inib/results/1z95/replicate 1/MDMBCHMINACA/1z95_MDMBCHMINACA_2_replicate1.sdf', '/home/screener/files/prost_canc/vina_inib/results/1z95/replicate 1/MDMBCHMINACA/1z95_MDMBCHMINACA_1_replicate1.sdf', '/home/screener/files/prost_canc/vina_inib/results/1z95/replicate 1/MDMBCHMINACA/1z95_MDMBCHMINACA_3_replicate1.sdf', '/home/screener/files/prost_canc/vina_inib/results/1z95/replicate 1/MDMBCHMINACA/1z95_MDMBCHMINACA_4_replicate1.sdf']","[-7.071, -7.537, -8.417, -7.112, -7.641]"
LTHC,1z95,1,"['/home/screener/files/prost_canc/vina_inib/results/1z95/replicate 1/LTHC/1z95_LTHC_0_replicate1.pdbqt', '/home/screener/files/prost_canc/vina_inib/results/1z95/replicate 1/LTHC/1z95_LTHC_1_replicate1.pdbqt', '/home/screener/files/prost_canc/vina_inib/results/1z95/replicate 1/LTHC/1z95_LTHC_2_replicate1.pdbqt', '/home/screener/files/prost_canc/vina_inib/results/1z95/replicate 1/LTHC/1z95_LTHC_3_replicate1.pdbqt', '/home/screener/files/prost_canc/vina_inib/results/1z95/replicate 1/LTHC/1z95_LTHC_4_replicate1.pdbqt']","['/home/screener/files/prost_canc/vina_inib/results/1z95/replicate 1/LTHC/1z95_LTHC_0_replicate1.sdf', '/home/screener/files/prost_canc/vina_inib/results/1z95/replicate 1/LTHC/1z95_LTHC_1_replicate1.sdf', '/home/screener/files/prost_canc/vina_inib/results/1z95/replicate 1/LTHC/1z95_LTHC_2_replicate1.sdf', '/home/screener/files/prost_canc/vina_inib/results/1z95/replicate 1/LTHC/1z95_LTHC_3_replicate1.sdf', '/home/screener/files/prost_canc/vina_inib/results/1z95/replicate 1/LTHC/1z95_LTHC_4_replicate1.sdf']","[-7.856, -7.355, -7.574, -7.568, -7.53]"
CBN,1z95,1,"['/home/screener/files/prost_canc/vina_inib/results/1z95/replicate 1/CBN/1z95_CBN_0_replicate1.pdbqt', '/home/screener/files/prost_canc/vina_inib/results/1z95/replicate 1/CBN/1z95_CBN_1_replicate1.pdbqt', '/home/screener/files/prost_canc/vina_inib/results/1z95/replicate 1/CBN/1z95_CBN_2_replicate1.pdbqt', '/home/screener/files/prost_canc/vina_inib/results/1z95/replicate 1/CBN/1z95_CBN_3_replicate1.pdbqt', '/home/screener/files/prost_canc/vina_inib/results/1z95/replicate 1/CBN/1z95_CBN_4_replicate1.pdbqt']","['/home/screener/files/prost_canc/vina_inib/results/1z95/replicate 1/CBN/1z95_CBN_0_replicate1.sdf', '/home/screener/files/prost_canc/vina_inib/results/1z95/replicate 1/CBN/1z95_CBN_1_replicate1.sdf', '/home/screener/files/prost_canc/vina_inib/results/1z95/replicate 1/CBN/1z95_CBN_2_replicate1.sdf', '/home/screener/files/prost_canc/vina_inib/results/1z95/replicate 1/CBN/1z95_CBN_3_replicate1.sdf', '/home/screener/files/prost_canc/vina_inib/results/1z95/replicate 1/CBN/1z95_CBN_4_replicate1.sdf']","[-7.542, -7.683, -7.575, -7.591, -7.574]"
DHT,1z95,1,"['/home/screener/files/prost_canc/vina_inib/results/1z95/replicate 1/DHT/1z95_DHT_0_replicate1.pdbqt', '/home/screener/files/prost_canc/vina_inib/results/1z95/replicate 1/DHT/1z95_DHT_2_replicate1.pdbqt', '/home/screener/files/prost_canc/vina_inib/results/1z95/replicate 1/DHT/1z95_DHT_1_replicate1.pdbqt', '/home/screener/files/prost_canc/vina_inib/results/1z95/replicate 1/DHT/1z95_DHT_3_replicate1.pdbqt', '/home/screener/files/prost_canc/vina_inib/results/1z95/replicate 1/DHT/1z95_DHT_4_replicate1.pdbqt']","['/home/screener/files/prost_canc/vina_inib/results/1z95/replicate 1/DHT/1z95_DHT_0_replicate1.sdf', '/home/screener/files/prost_canc/vina_inib/results/1z95/replicate 1/DHT/1z95_DHT_2_replicate1.sdf', '/home/screener/files/prost_canc/vina_inib/results/1z95/replicate 1/DHT/1z95_DHT_1_replicate1.sdf', '/home/screener/files/prost_canc/vina_inib/results/1z95/replicate 1/DHT/1z95_DHT_3_replicate1.sdf', '/home/screener/files/prost_canc/vina_inib/results/1z95/replicate 1/DHT/1z95_DHT_4_replicate1.sdf']","[-8.004, -7.021, -8.035, -8.025, -8.897]"
5FAKB48,1z95,1,"['/home/screener/files/prost_canc/vina_inib/results/1z95/replicate 1/5FAKB48/1z95_5FAKB48_0_replicate1.pdbqt', '/home/screener/files/prost_canc/vina_inib/results/1z95/replicate 1/5FAKB48/1z95_5FAKB48_1_replicate1.pdbqt', '/home/screener/files/prost_canc/vina_inib/results/1z95/replicate 1/5FAKB48/1z95_5FAKB48_2_replicate1.pdbqt', '/home/screener/files/prost_canc/vina_inib/results/1z95/replicate 1/5FAKB48/1z95_5FAKB48_3_replicate1.pdbqt', '/home/screener/files/prost_canc/vina_inib/results/1z95/replicate 1/5FAKB48/1z95_5FAKB48_4_replicate1.pdbqt']","['/home/screener/files/prost_canc/vina_inib/results/1z95/replicate 1/5FAKB48/1z95_5FAKB48_0_replicate1.sdf', '/home/screener/files/prost_canc/vina_inib/results/1z95/replicate 1/5FAKB48/1z95_5FAKB48_1_replicate1.sdf', '/home/screener/files/prost_canc/vina_inib/results/1z95/replicate 1/5FAKB48/1z95_5FAKB48_2_replicate1.sdf', '/home/screener/files/prost_canc/vina_inib/results/1z95/replicate 1/5FAKB48/1z95_5FAKB48_3_replicate1.sdf', '/home/screener/files/prost_canc/vina_inib/results/1z95/replicate 1/5FAKB48/1z95_5FAKB48_4_replicate1.sdf']","[-6.893, -7.486, -6.908, -6.702, -6.919]"
CBD,1z95,1,"['/home/screener/files/prost_canc/vina_inib/results/1z95/replicate 1/CBD/1z95_CBD_0_replicate1.pdbqt', '/home/screener/files/prost_canc/vina_inib/results/1z95/replicate 1/CBD/1z95_CBD_1_replicate1.pdbqt', '/home/screener/files/prost_canc/vina_inib/results/1z95/replicate 1/CBD/1z95_CBD_2_replicate1.pdbqt', '/home/screener/files/prost_canc/vina_inib/results/1z95/replicate 1/CBD/1z95_CBD_3_replicate1.pdbqt', '/home/screener/files/prost_canc/vina_inib/results/1z95/replicate 1/CBD/1z95_CBD_4_replicate1.pdbqt']","['/home/screener/files/prost_canc/vina_inib/results/1z95/replicate 1/CBD/1z95_CBD_0_replicate1.sdf', '/home/screener/files/prost_canc/vina_inib/results/1z95/replicate 1/CBD/1z95_CBD_1_replicate1.sdf', '/home/screener/files/prost_canc/vina_inib/results/1z95/replicate 1/CBD/1z95_CBD_2_replicate1.sdf', '/home/screener/files/prost_canc/vina_inib/results/1z95/replicate 1/CBD/1z95_CBD_3_replicate1.sdf', '/home/screener/files/prost_canc/vina_inib/results/1z95/replicate 1/CBD/1z95_CBD_4_replicate1.sdf']","[-7.259, -6.955, -6.889, -8.063, -7.164]"
DTHC,1z95,1,"['/home/screener/files/prost_canc/vina_inib/results/1z95/replicate 1/DTHC/1z95_DTHC_0_replicate1.pdbqt', '/home/screener/files/prost_canc/vina_inib/results/1z95/replicate 1/DTHC/1z95_DTHC_1_replicate1.pdbqt', '/home/screener/files/prost_canc/vina_inib/results/1z95/replicate 1/DTHC/1z95_DTHC_2_replicate1.pdbqt', '/home/screener/files/prost_canc/vina_inib/results/1z95/replicate 1/DTHC/1z95_DTHC_3_replicate1.pdbqt', '/home/screener/files/prost_canc/vina_inib/results/1z95/replicate 1/DTHC/1z95_DTHC_4_replicate1.pdbqt']","['/home/screener/files/prost_canc/vina_inib/results/1z95/replicate 1/DTHC/1z95_DTHC_0_replicate1.sdf', '/home/screener/files/prost_canc/vina_inib/results/1z95/replicate 1/DTHC/1z95_DTHC_1_replicate1.sdf', '/home/screener/files/prost_canc/vina_inib/results/1z95/replicate 1/DTHC/1z95_DTHC_2_replicate1.sdf', '/home/screener/files/prost_canc/vina_inib/results/1z95/replicate 1/DTHC/1z95_DTHC_3_replicate1.sdf', '/home/screener/files/prost_canc/vina_inib/results/1z95/replicate 1/DTHC/1z95_DTHC_4_replicate1.sdf']","[-7.856, -7.355, -7.574, -7.568, -7.53]"
HU210,1z95,1,"['/home/screener/files/prost_canc/vina_inib/results/1z95/replicate 1/HU210/1z95_HU210_0_replicate1.pdbqt', '/home/screener/files/prost_canc/vina_inib/results/1z95/replicate 1/HU210/1z95_HU210_1_replicate1.pdbqt', '/home/screener/files/prost_canc/vina_inib/results/1z95/replicate 1/HU210/1z95_HU210_2_replicate1.pdbqt', '/home/screener/files/prost_canc/vina_inib/results/1z95/replicate 1/HU210/1z95_HU210_3_replicate1.pdbqt', '/home/screener/files/prost_canc/vina_inib/results/1z95/replicate 1/HU210/1z95_HU210_4_replicate1.pdbqt']","['/home/screener/files/prost_canc/vina_inib/results/1z95/replicate 1/HU210/1z95_HU210_0_replicate1.sdf', '/home/screener/files/prost_canc/vina_inib/results/1z95/replicate 1/HU210/1z95_HU210_1_replicate1.sdf', '/home/screener/files/prost_canc/vina_inib/results/1z95/replicate 1/HU210/1z95_HU210_2_replicate1.sdf', '/home/screener/files/prost_canc/vina_inib/results/1z95/replicate 1/HU210/1z95_HU210_3_replicate1.sdf', '/home/screener/files/prost_canc/vina_inib/results/1z95/replicate 1/HU210/1z95_HU210_4_replicate1.sdf']","[-5.62, -5.815, -5.215, -6.427, -5.762]"
R1881,1z95,2,"['/home/screener/files/prost_canc/vina_inib/results/1z95/replicate 2/R1881/1z95_R1881_2_replicate2.pdbqt', '/home/screener/files/prost_canc/vina_inib/results/1z95/replicate 2/R1881/1z95_R1881_0_replicate2.pdbqt', '/home/screener/files/prost_canc/vina_inib/results/1z95/replicate 2/R1881/1z95_R1881_1_replicate2.pdbqt', '/home/screener/files/prost_canc/vina_inib/results/1z95/replicate 2/R1881/1z95_R1881_3_replicate2.pdbqt', '/home/screener/files/prost_canc/vina_inib/results/1z95/replicate 2/R1881/1z95_R1881_4_replicate2.pdbqt']","['/home/screener/files/prost_canc/vina_inib/results/1z95/replicate 2/R1881/1z95_R1881_2_replicate2.sdf', '/home/screener/files/prost_canc/vina_inib/results/1z95/replicate 2/R1881/1z95_R1881_0_replicate2.sdf', '/home/screener/files/prost_canc/vina_inib/results/1z95/replicate 2/R1881/1z95_R1881_1_replicate2.sdf', '/home/screener/files/prost_canc/vina_inib/results/1z95/replicate 2/R1881/1z95_R1881_3_replicate2.sdf', '/home/screener/files/prost_canc/vina_inib/results/1z95/replicate 2/R1881/1z95_R1881_4_replicate2.sdf']","[-9.872, -8.625, -9.929, -8.964, -9.231]"
Testosterone,1z95,2,"['/home/screener/files/prost_canc/vina_inib/results/1z95/replicate 2/Testosterone/1z95_Testosterone_0_replicate2.pdbqt', '/home/screener/files/prost_canc/vina_inib/results/1z95/replicate 2/Testosterone/1z95_Testosterone_1_replicate2.pdbqt', '/home/screener/files/prost_canc/vina_inib/results/1z95/replicate 2/Testosterone/1z95_Testosterone_3_replicate2.pdbqt', '/home/screener/files/prost_canc/vina_inib/results/1z95/replicate 2/Testosterone/1z95_Testosterone_2_replicate2.pdbqt', '/home/screener/files/prost_canc/vina_inib/results/1z95/replicate 2/Testosterone/1z95_Testosterone_4_replicate2.pdbqt']","['/home/screener/files/prost_canc/vina_inib/results/1z95/replicate 2/Testosterone/1z95_Testosterone_0_replicate2.sdf', '/home/screener/files/prost_canc/vina_inib/results/1z95/replicate 2/Testosterone/1z95_Testosterone_1_replicate2.sdf', '/home/screener/files/prost_canc/vina_inib/results/1z95/replicate 2/Testosterone/1z95_Testosterone_3_replicate2.sdf', '/home/screener/files/prost_canc/vina_inib/results/1z95/replicate 2/Testosterone/1z95_Testosterone_2_replicate2.sdf', '/home/screener/files/prost_canc/vina_inib/results/1z95/replicate 2/Testosterone/1z95_Testosterone_4_replicate2.sdf']","[-8.114, -7.972, -6.237, -7.499, -7.617]"
RBICALUTAMIDE,1z95,2,"['/home/screener/files/prost_canc/vina_inib/results/1z95/replicate 2/RBICALUTAMIDE/1z95_RBICALUTAMIDE_0_replicate2.pdbqt', '/home/screener/files/prost_canc/vina_inib/results/1z95/replicate 2/RBICALUTAMIDE/1z95_RBICALUTAMIDE_1_replicate2.pdbqt', '/home/screener/files/prost_canc/vina_inib/results/1z95/replicate 2/RBICALUTAMIDE/1z95_RBICALUTAMIDE_2_replicate2.pdbqt', '/home/screener/files/prost_canc/vina_inib/results/1z95/replicate 2/RBICALUTAMIDE/1z95_RBICALUTAMIDE_3_replicate2.pdbqt', '/home/screener/files/prost_canc/vina_inib/results/1z95/replicate 2/RBICALUTAMIDE/1z95_RBICALUTAMIDE_4_replicate2.pdbqt']","['/home/screener/files/prost_canc/vina_inib/results/1z95/replicate 2/RBICALUTAMIDE/1z95_RBICALUTAMIDE_0_replicate2.sdf', '/home/screener/files/prost_canc/vina_inib/results/1z95/replicate 2/RBICALUTAMIDE/1z95_RBICALUTAMIDE_1_replicate2.sdf', '/home/screener/files/prost_canc/vina_inib/results/1z95/replicate 2/RBICALUTAMIDE/1z95_RBICALUTAMIDE_2_replicate2.sdf', '/home/screener/files/prost_canc/vina_inib/results/1z95/replicate 2/RBICALUTAMIDE/1z95_RBICALUTAMIDE_3_replicate2.sdf', '/home/screener/files/prost_canc/vina_inib/results/1z95/replicate 2/RBICALUTAMIDE/1z95_RBICALUTAMIDE_4_replicate2.sdf']","[-10.408, -10.363, -10.44, -10.351, -10.432]"
MDMBCHMINACA,1z95,2,"['/home/screener/files/prost_canc/vina_inib/results/1z95/replicate 2/MDMBCHMINACA/1z95_MDMBCHMINACA_0_replicate2.pdbqt', '/home/screener/files/prost_canc/vina_inib/results/1z95/replicate 2/MDMBCHMINACA/1z95_MDMBCHMINACA_1_replicate2.pdbqt', '/home/screener/files/prost_canc/vina_inib/results/1z95/replicate 2/MDMBCHMINACA/1z95_MDMBCHMINACA_2_replicate2.pdbqt', '/home/screener/files/prost_canc/vina_inib/results/1z95/replicate 2/MDMBCHMINACA/1z95_MDMBCHMINACA_3_replicate2.pdbqt', '/home/screener/files/prost_canc/vina_inib/results/1z95/replicate 2/MDMBCHMINACA/1z95_MDMBCHMINACA_4_replicate2.pdbqt']","['/home/screener/files/prost_canc/vina_inib/results/1z95/replicate 2/MDMBCHMINACA/1z95_MDMBCHMINACA_0_replicate2.sdf', '/home/screener/files/prost_canc/vina_inib/results/1z95/replicate 2/MDMBCHMINACA/1z95_MDMBCHMINACA_1_replicate2.sdf', '/home/screener/files/prost_canc/vina_inib/results/1z95/replicate 2/MDMBCHMINACA/1z95_MDMBCHMINACA_2_replicate2.sdf', '/home/screener/files/prost_canc/vina_inib/results/1z95/replicate 2/MDMBCHMINACA/1z95_MDMBCHMINACA_3_replicate2.sdf', '/home/screener/files/prost_canc/vina_inib/results/1z95/replicate 2/MDMBCHMINACA/1z95_MDMBCHMINACA_4_replicate2.sdf']","[-7.071, -8.417, -7.537, -7.112, -7.641]"
LTHC,1z95,2,"['/home/screener/files/prost_canc/vina_inib/results/1z95/replicate 2/LTHC/1z95_LTHC_0_replicate2.pdbqt', '/home/screener/files/prost_canc/vina_inib/results/1z95/replicate 2/LTHC/1z95_LTHC_1_replicate2.pdbqt', '/home/screener/files/prost_canc/vina_inib/results/1z95/replicate 2/LTHC/1z95_LTHC_2_replicate2.pdbqt', '/home/screener/files/prost_canc/vina_inib/results/1z95/replicate 2/LTHC/1z95_LTHC_3_replicate2.pdbqt', '/home/screener/files/prost_canc/vina_inib/results/1z95/replicate 2/LTHC/1z95_LTHC_4_replicate2.pdbqt']","['/home/screener/files/prost_canc/vina_inib/results/1z95/replicate 2/LTHC/1z95_LTHC_0_replicate2.sdf', '/home/screener/files/prost_canc/vina_inib/results/1z95/replicate 2/LTHC/1z95_LTHC_1_replicate2.sdf', '/home/screener/files/prost_canc/vina_inib/results/1z95/replicate 2/LTHC/1z95_LTHC_2_replicate2.sdf', '/home/screener/files/prost_canc/vina_inib/results/1z95/replicate 2/LTHC/1z95_LTHC_3_replicate2.sdf', '/home/screener/files/prost_canc/vina_inib/results/1z95/replicate 2/LTHC/1z95_LTHC_4_replicate2.sdf']","[-7.856, -7.355, -7.574, -7.568, -7.53]"
CBN,1z95,2,"['/home/screener/files/prost_canc/vina_inib/results/1z95/replicate 2/CBN/1z95_CBN_0_replicate2.pdbqt', '/home/screener/files/prost_canc/vina_inib/results/1z95/replicate 2/CBN/1z95_CBN_1_replicate2.pdbqt', '/home/screener/files/prost_canc/vina_inib/results/1z95/replicate 2/CBN/1z95_CBN_2_replicate2.pdbqt', '/home/screener/files/prost_canc/vina_inib/results/1z95/replicate 2/CBN/1z95_CBN_3_replicate2.pdbqt', '/home/screener/files/prost_canc/vina_inib/results/1z95/replicate 2/CBN/1z95_CBN_4_replicate2.pdbqt']","['/home/screener/files/prost_canc/vina_inib/results/1z95/replicate 2/CBN/1z95_CBN_0_replicate2.sdf', '/home/screener/files/prost_canc/vina_inib/results/1z95/replicate 2/CBN/1z95_CBN_1_replicate2.sdf', '/home/screener/files/prost_canc/vina_inib/results/1z95/replicate 2/CBN/1z95_CBN_2_replicate2.sdf', '/home/screener/files/prost_canc/vina_inib/results/1z95/replicate 2/CBN/1z95_CBN_3_replicate2.sdf', '/home/screener/files/prost_canc/vina_inib/results/1z95/replicate 2/CBN/1z95_CBN_4_replicate2.sdf']","[-7.542, -7.683, -7.575, -7.591, -7.574]"
DHT,1z95,2,"['/home/screener/files/prost_canc/vina_inib/results/1z95/replicate 2/DHT/1z95_DHT_0_replicate2.pdbqt', '/home/screener/files/prost_canc/vina_inib/results/1z95/replicate 2/DHT/1z95_DHT_2_replicate2.pdbqt', '/home/screener/files/prost_canc/vina_inib/results/1z95/replicate 2/DHT/1z95_DHT_1_replicate2.pdbqt', '/home/screener/files/prost_canc/vina_inib/results/1z95/replicate 2/DHT/1z95_DHT_3_replicate2.pdbqt', '/home/screener/files/prost_canc/vina_inib/results/1z95/replicate 2/DHT/1z95_DHT_4_replicate2.pdbqt']","['/home/screener/files/prost_canc/vina_inib/results/1z95/replicate 2/DHT/1z95_DHT_0_replicate2.sdf', '/home/screener/files/prost_canc/vina_inib/results/1z95/replicate 2/DHT/1z95_DHT_2_replicate2.sdf', '/home/screener/files/prost_canc/vina_inib/results/1z95/replicate 2/DHT/1z95_DHT_1_replicate2.sdf', '/home/screener/files/prost_canc/vina_inib/results/1z95/replicate 2/DHT/1z95_DHT_3_replicate2.sdf', '/home/screener/files/prost_canc/vina_inib/results/1z95/replicate 2/DHT/1z95_DHT_4_replicate2.sdf']","[-8.004, -7.021, -8.035, -8.025, -8.897]"
5FAKB48,1z95,2,"['/home/screener/files/prost_canc/vina_inib/results/1z95/replicate 2/5FAKB48/1z95_5FAKB48_0_replicate2.pdbqt', '/home/screener/files/prost_canc/vina_inib/results/1z95/replicate 2/5FAKB48/1z95_5FAKB48_1_replicate2.pdbqt', '/home/screener/files/prost_canc/vina_inib/results/1z95/replicate 2/5FAKB48/1z95_5FAKB48_2_replicate2.pdbqt', '/home/screener/files/prost_canc/vina_inib/results/1z95/replicate 2/5FAKB48/1z95_5FAKB48_3_replicate2.pdbqt', '/home/screener/files/prost_canc/vina_inib/results/1z95/replicate 2/5FAKB48/1z95_5FAKB48_4_replicate2.pdbqt']","['/home/screener/files/prost_canc/vina_inib/results/1z95/replicate 2/5FAKB48/1z95_5FAKB48_0_replicate2.sdf', '/home/screener/files/prost_canc/vina_inib/results/1z95/replicate 2/5FAKB48/1z95_5FAKB48_1_replicate2.sdf', '/home/screener/files/prost_canc/vina_inib/results/1z95/replicate 2/5FAKB48/1z95_5FAKB48_2_replicate2.sdf', '/home/screener/files/prost_canc/vina_inib/results/1z95/replicate 2/5FAKB48/1z95_5FAKB48_3_replicate2.sdf', '/home/screener/files/prost_canc/vina_inib/results/1z95/replicate 2/5FAKB48/1z95_5FAKB48_4_replicate2.sdf']","[-6.893, -7.486, -6.908, -6.702, -6.919]"
CBD,1z95,2,"['/home/screener/files/prost_canc/vina_inib/results/1z95/replicate 2/CBD/1z95_CBD_0_replicate2.pdbqt', '/home/screener/files/prost_canc/vina_inib/results/1z95/replicate 2/CBD/1z95_CBD_1_replicate2.pdbqt', '/home/screener/files/prost_canc/vina_inib/results/1z95/replicate 2/CBD/1z95_CBD_2_replicate2.pdbqt', '/home/screener/files/prost_canc/vina_inib/results/1z95/replicate 2/CBD/1z95_CBD_3_replicate2.pdbqt', '/home/screener/files/prost_canc/vina_inib/results/1z95/replicate 2/CBD/1z95_CBD_4_replicate2.pdbqt']","['/home/screener/files/prost_canc/vina_inib/results/1z95/replicate 2/CBD/1z95_CBD_0_replicate2.sdf', '/home/screener/files/prost_canc/vina_inib/results/1z95/replicate 2/CBD/1z95_CBD_1_replicate2.sdf', '/home/screener/files/prost_canc/vina_inib/results/1z95/replicate 2/CBD/1z95_CBD_2_replicate2.sdf', '/home/screener/files/prost_canc/vina_inib/results/1z95/replicate 2/CBD/1z95_CBD_3_replicate2.sdf', '/home/screener/files/prost_canc/vina_inib/results/1z95/replicate 2/CBD/1z95_CBD_4_replicate2.sdf']","[-7.259, -6.955, -6.889, -8.063, -7.164]"
DTHC,1z95,2,"['/home/screener/files/prost_canc/vina_inib/results/1z95/replicate 2/DTHC/1z95_DTHC_0_replicate2.pdbqt', '/home/screener/files/prost_canc/vina_inib/results/1z95/replicate 2/DTHC/1z95_DTHC_1_replicate2.pdbqt', '/home/screener/files/prost_canc/vina_inib/results/1z95/replicate 2/DTHC/1z95_DTHC_2_replicate2.pdbqt', '/home/screener/files/prost_canc/vina_inib/results/1z95/replicate 2/DTHC/1z95_DTHC_3_replicate2.pdbqt', '/home/screener/files/prost_canc/vina_inib/results/1z95/replicate 2/DTHC/1z95_DTHC_4_replicate2.pdbqt']","['/home/screener/files/prost_canc/vina_inib/results/1z95/replicate 2/DTHC/1z95_DTHC_0_replicate2.sdf', '/home/screener/files/prost_canc/vina_inib/results/1z95/replicate 2/DTHC/1z95_DTHC_1_replicate2.sdf', '/home/screener/files/prost_canc/vina_inib/results/1z95/replicate 2/DTHC/1z95_DTHC_2_replicate2.sdf', '/home/screener/files/prost_canc/vina_inib/results/1z95/replicate 2/DTHC/1z95_DTHC_3_replicate2.sdf', '/home/screener/files/prost_canc/vina_inib/results/1z95/replicate 2/DTHC/1z95_DTHC_4_replicate2.sdf']","[-7.856, -7.355, -7.574, -7.568, -7.53]"
HU210,1z95,2,"['/home/screener/files/prost_canc/vina_inib/results/1z95/replicate 2/HU210/1z95_HU210_0_replicate2.pdbqt', '/home/screener/files/prost_canc/vina_inib/results/1z95/replicate 2/HU210/1z95_HU210_2_replicate2.pdbqt', '/home/screener/files/prost_canc/vina_inib/results/1z95/replicate 2/HU210/1z95_HU210_1_replicate2.pdbqt', '/home/screener/files/prost_canc/vina_inib/results/1z95/replicate 2/HU210/1z95_HU210_3_replicate2.pdbqt', '/home/screener/files/prost_canc/vina_inib/results/1z95/replicate 2/HU210/1z95_HU210_4_replicate2.pdbqt']","['/home/screener/files/prost_canc/vina_inib/results/1z95/replicate 2/HU210/1z95_HU210_0_replicate2.sdf', '/home/screener/files/prost_canc/vina_inib/results/1z95/replicate 2/HU210/1z95_HU210_2_replicate2.sdf', '/home/screener/files/prost_canc/vina_inib/results/1z95/replicate 2/HU210/1z95_HU210_1_replicate2.sdf', '/home/screener/files/prost_canc/vina_inib/results/1z95/replicate 2/HU210/1z95_HU210_3_replicate2.sdf', '/home/screener/files/prost_canc/vina_inib/results/1z95/replicate 2/HU210/1z95_HU210_4_replicate2.sdf']","[-5.62, -5.215, -5.815, -6.427, -5.762]"
R1881,1z95,3,"['/home/screener/files/prost_canc/vina_inib/results/1z95/replicate 3/R1881/1z95_R1881_2_replicate3.pdbqt', '/home/screener/files/prost_canc/vina_inib/results/1z95/replicate 3/R1881/1z95_R1881_0_replicate3.pdbqt', '/home/screener/files/prost_canc/vina_inib/results/1z95/replicate 3/R1881/1z95_R1881_1_replicate3.pdbqt', '/home/screener/files/prost_canc/vina_inib/results/1z95/replicate 3/R1881/1z95_R1881_3_replicate3.pdbqt', '/home/screener/files/prost_canc/vina_inib/results/1z95/replicate 3/R1881/1z95_R1881_4_replicate3.pdbqt']","['/home/screener/files/prost_canc/vina_inib/results/1z95/replicate 3/R1881/1z95_R1881_2_replicate3.sdf', '/home/screener/files/prost_canc/vina_inib/results/1z95/replicate 3/R1881/1z95_R1881_0_replicate3.sdf', '/home/screener/files/prost_canc/vina_inib/results/1z95/replicate 3/R1881/1z95_R1881_1_replicate3.sdf', '/home/screener/files/prost_canc/vina_inib/results/1z95/replicate 3/R1881/1z95_R1881_3_replicate3.sdf', '/home/screener/files/prost_canc/vina_inib/results/1z95/replicate 3/R1881/1z95_R1881_4_replicate3.sdf']","[-9.872, -8.625, -9.929, -8.964, -9.231]"
Testosterone,1z95,3,"['/home/screener/files/prost_canc/vina_inib/results/1z95/replicate 3/Testosterone/1z95_Testosterone_0_replicate3.pdbqt', '/home/screener/files/prost_canc/vina_inib/results/1z95/replicate 3/Testosterone/1z95_Testosterone_1_replicate3.pdbqt', '/home/screener/files/prost_canc/vina_inib/results/1z95/replicate 3/Testosterone/1z95_Testosterone_3_replicate3.pdbqt', '/home/screener/files/prost_canc/vina_inib/results/1z95/replicate 3/Testosterone/1z95_Testosterone_2_replicate3.pdbqt', '/home/screener/files/prost_canc/vina_inib/results/1z95/replicate 3/Testosterone/1z95_Testosterone_4_replicate3.pdbqt']","['/home/screener/files/prost_canc/vina_inib/results/1z95/replicate 3/Testosterone/1z95_Testosterone_0_replicate3.sdf', '/home/screener/files/prost_canc/vina_inib/results/1z95/replicate 3/Testosterone/1z95_Testosterone_1_replicate3.sdf', '/home/screener/files/prost_canc/vina_inib/results/1z95/replicate 3/Testosterone/1z95_Testosterone_3_replicate3.sdf', '/home/screener/files/prost_canc/vina_inib/results/1z95/replicate 3/Testosterone/1z95_Testosterone_2_replicate3.sdf', '/home/screener/files/prost_canc/vina_inib/results/1z95/replicate 3/Testosterone/1z95_Testosterone_4_replicate3.sdf']","[-8.114, -7.972, -6.237, -7.499, -7.617]"
RBICALUTAMIDE,1z95,3,"['/home/screener/files/prost_canc/vina_inib/results/1z95/replicate 3/RBICALUTAMIDE/1z95_RBICALUTAMIDE_0_replicate3.pdbqt', '/home/screener/files/prost_canc/vina_inib/results/1z95/replicate 3/RBICALUTAMIDE/1z95_RBICALUTAMIDE_1_replicate3.pdbqt', '/home/screener/files/prost_canc/vina_inib/results/1z95/replicate 3/RBICALUTAMIDE/1z95_RBICALUTAMIDE_2_replicate3.pdbqt', '/home/screener/files/prost_canc/vina_inib/results/1z95/replicate 3/RBICALUTAMIDE/1z95_RBICALUTAMIDE_3_replicate3.pdbqt', '/home/screener/files/prost_canc/vina_inib/results/1z95/replicate 3/RBICALUTAMIDE/1z95_RBICALUTAMIDE_4_replicate3.pdbqt']","['/home/screener/files/prost_canc/vina_inib/results/1z95/replicate 3/RBICALUTAMIDE/1z95_RBICALUTAMIDE_0_replicate3.sdf', '/home/screener/files/prost_canc/vina_inib/results/1z95/replicate 3/RBICALUTAMIDE/1z95_RBICALUTAMIDE_1_replicate3.sdf', '/home/screener/files/prost_canc/vina_inib/results/1z95/replicate 3/RBICALUTAMIDE/1z95_RBICALUTAMIDE_2_replicate3.sdf', '/home/screener/files/prost_canc/vina_inib/results/1z95/replicate 3/RBICALUTAMIDE/1z95_RBICALUTAMIDE_3_replicate3.sdf', '/home/screener/files/prost_canc/vina_inib/results/1z95/replicate 3/RBICALUTAMIDE/1z95_RBICALUTAMIDE_4_replicate3.sdf']","[-10.408, -10.363, -10.44, -10.351, -10.432]"
MDMBCHMINACA,1z95,3,"['/home/screener/files/prost_canc/vina_inib/results/1z95/replicate 3/MDMBCHMINACA/1z95_MDMBCHMINACA_0_replicate3.pdbqt', '/home/screener/files/prost_canc/vina_inib/results/1z95/replicate 3/MDMBCHMINACA/1z95_MDMBCHMINACA_2_replicate3.pdbqt', '/home/screener/files/prost_canc/vina_inib/results/1z95/replicate 3/MDMBCHMINACA/1z95_MDMBCHMINACA_1_replicate3.pdbqt', '/home/screener/files/prost_canc/vina_inib/results/1z95/replicate 3/MDMBCHMINACA/1z95_MDMBCHMINACA_3_replicate3.pdbqt', '/home/screener/files/prost_canc/vina_inib/results/1z95/replicate 3/MDMBCHMINACA/1z95_MDMBCHMINACA_4_replicate3.pdbqt']","['/home/screener/files/prost_canc/vina_inib/results/1z95/replicate 3/MDMBCHMINACA/1z95_MDMBCHMINACA_0_replicate3.sdf', '/home/screener/files/prost_canc/vina_inib/results/1z95/replicate 3/MDMBCHMINACA/1z95_MDMBCHMINACA_2_replicate3.sdf', '/home/screener/files/prost_canc/vina_inib/results/1z95/replicate 3/MDMBCHMINACA/1z95_MDMBCHMINACA_1_replicate3.sdf', '/home/screener/files/prost_canc/vina_inib/results/1z95/replicate 3/MDMBCHMINACA/1z95_MDMBCHMINACA_3_replicate3.sdf', '/home/screener/files/prost_canc/vina_inib/results/1z95/replicate 3/MDMBCHMINACA/1z95_MDMBCHMINACA_4_replicate3.sdf']","[-7.071, -7.537, -8.417, -7.112, -7.641]"
LTHC,1z95,3,"['/home/screener/files/prost_canc/vina_inib/results/1z95/replicate 3/LTHC/1z95_LTHC_0_replicate3.pdbqt', '/home/screener/files/prost_canc/vina_inib/results/1z95/replicate 3/LTHC/1z95_LTHC_1_replicate3.pdbqt', '/home/screener/files/prost_canc/vina_inib/results/1z95/replicate 3/LTHC/1z95_LTHC_2_replicate3.pdbqt', '/home/screener/files/prost_canc/vina_inib/results/1z95/replicate 3/LTHC/1z95_LTHC_3_replicate3.pdbqt', '/home/screener/files/prost_canc/vina_inib/results/1z95/replicate 3/LTHC/1z95_LTHC_4_replicate3.pdbqt']","['/home/screener/files/prost_canc/vina_inib/results/1z95/replicate 3/LTHC/1z95_LTHC_0_replicate3.sdf', '/home/screener/files/prost_canc/vina_inib/results/1z95/replicate 3/LTHC/1z95_LTHC_1_replicate3.sdf', '/home/screener/files/prost_canc/vina_inib/results/1z95/replicate 3/LTHC/1z95_LTHC_2_replicate3.sdf', '/home/screener/files/prost_canc/vina_inib/results/1z95/replicate 3/LTHC/1z95_LTHC_3_replicate3.sdf', '/home/screener/files/prost_canc/vina_inib/results/1z95/replicate 3/LTHC/1z95_LTHC_4_replicate3.sdf']","[-7.856, -7.355, -7.574, -7.568, -7.53]"
CBN,1z95,3,"['/home/screener/files/prost_canc/vina_inib/results/1z95/replicate 3/CBN/1z95_CBN_0_replicate3.pdbqt', '/home/screener/files/prost_canc/vina_inib/results/1z95/replicate 3/CBN/1z95_CBN_1_replicate3.pdbqt', '/home/screener/files/prost_canc/vina_inib/results/1z95/replicate 3/CBN/1z95_CBN_2_replicate3.pdbqt', '/home/screener/files/prost_canc/vina_inib/results/1z95/replicate 3/CBN/1z95_CBN_3_replicate3.pdbqt', '/home/screener/files/prost_canc/vina_inib/results/1z95/replicate 3/CBN/1z95_CBN_4_replicate3.pdbqt']","['/home/screener/files/prost_canc/vina_inib/results/1z95/replicate 3/CBN/1z95_CBN_0_replicate3.sdf', '/home/screener/files/prost_canc/vina_inib/results/1z95/replicate 3/CBN/1z95_CBN_1_replicate3.sdf', '/home/screener/files/prost_canc/vina_inib/results/1z95/replicate 3/CBN/1z95_CBN_2_replicate3.sdf', '/home/screener/files/prost_canc/vina_inib/results/1z95/replicate 3/CBN/1z95_CBN_3_replicate3.sdf', '/home/screener/files/prost_canc/vina_inib/results/1z95/replicate 3/CBN/1z95_CBN_4_replicate3.sdf']","[-7.542, -7.683, -7.575, -7.591, -7.574]"
DHT,1z95,3,"['/home/screener/files/prost_canc/vina_inib/results/1z95/replicate 3/DHT/1z95_DHT_0_replicate3.pdbqt', '/home/screener/files/prost_canc/vina_inib/results/1z95/replicate 3/DHT/1z95_DHT_1_replicate3.pdbqt', '/home/screener/files/prost_canc/vina_inib/results/1z95/replicate 3/DHT/1z95_DHT_2_replicate3.pdbqt', '/home/screener/files/prost_canc/vina_inib/results/1z95/replicate 3/DHT/1z95_DHT_3_replicate3.pdbqt', '/home/screener/files/prost_canc/vina_inib/results/1z95/replicate 3/DHT/1z95_DHT_4_replicate3.pdbqt']","['/home/screener/files/prost_canc/vina_inib/results/1z95/replicate 3/DHT/1z95_DHT_0_replicate3.sdf', '/home/screener/files/prost_canc/vina_inib/results/1z95/replicate 3/DHT/1z95_DHT_1_replicate3.sdf', '/home/screener/files/prost_canc/vina_inib/results/1z95/replicate 3/DHT/1z95_DHT_2_replicate3.sdf', '/home/screener/files/prost_canc/vina_inib/results/1z95/replicate 3/DHT/1z95_DHT_3_replicate3.sdf', '/home/screener/files/prost_canc/vina_inib/results/1z95/replicate 3/DHT/1z95_DHT_4_replicate3.sdf']","[-8.004, -8.035, -7.021, -8.025, -8.897]"
5FAKB48,1z95,3,"['/home/screener/files/prost_canc/vina_inib/results/1z95/replicate 3/5FAKB48/1z95_5FAKB48_0_replicate3.pdbqt', '/home/screener/files/prost_canc/vina_inib/results/1z95/replicate 3/5FAKB48/1z95_5FAKB48_1_replicate3.pdbqt', '/home/screener/files/prost_canc/vina_inib/results/1z95/replicate 3/5FAKB48/1z95_5FAKB48_2_replicate3.pdbqt', '/home/screener/files/prost_canc/vina_inib/results/1z95/replicate 3/5FAKB48/1z95_5FAKB48_3_replicate3.pdbqt', '/home/screener/files/prost_canc/vina_inib/results/1z95/replicate 3/5FAKB48/1z95_5FAKB48_4_replicate3.pdbqt']","['/home/screener/files/prost_canc/vina_inib/results/1z95/replicate 3/5FAKB48/1z95_5FAKB48_0_replicate3.sdf', '/home/screener/files/prost_canc/vina_inib/results/1z95/replicate 3/5FAKB48/1z95_5FAKB48_1_replicate3.sdf', '/home/screener/files/prost_canc/vina_inib/results/1z95/replicate 3/5FAKB48/1z95_5FAKB48_2_replicate3.sdf', '/home/screener/files/prost_canc/vina_inib/results/1z95/replicate 3/5FAKB48/1z95_5FAKB48_3_replicate3.sdf', '/home/screener/files/prost_canc/vina_inib/results/1z95/replicate 3/5FAKB48/1z95_5FAKB48_4_replicate3.sdf']","[-6.893, -7.486, -6.908, -6.702, -6.919]"
CBD,1z95,3,"['/home/screener/files/prost_canc/vina_inib/results/1z95/replicate 3/CBD/1z95_CBD_0_replicate3.pdbqt', '/home/screener/files/prost_canc/vina_inib/results/1z95/replicate 3/CBD/1z95_CBD_1_replicate3.pdbqt', '/home/screener/files/prost_canc/vina_inib/results/1z95/replicate 3/CBD/1z95_CBD_2_replicate3.pdbqt', '/home/screener/files/prost_canc/vina_inib/results/1z95/replicate 3/CBD/1z95_CBD_3_replicate3.pdbqt', '/home/screener/files/prost_canc/vina_inib/results/1z95/replicate 3/CBD/1z95_CBD_4_replicate3.pdbqt']","['/home/screener/files/prost_canc/vina_inib/results/1z95/replicate 3/CBD/1z95_CBD_0_replicate3.sdf', '/home/screener/files/prost_canc/vina_inib/results/1z95/replicate 3/CBD/1z95_CBD_1_replicate3.sdf', '/home/screener/files/prost_canc/vina_inib/results/1z95/replicate 3/CBD/1z95_CBD_2_replicate3.sdf', '/home/screener/files/prost_canc/vina_inib/results/1z95/replicate 3/CBD/1z95_CBD_3_replicate3.sdf', '/home/screener/files/prost_canc/vina_inib/results/1z95/replicate 3/CBD/1z95_CBD_4_replicate3.sdf']","[-7.259, -6.955, -6.889, -8.063, -7.164]"
DTHC,1z95,3,"['/home/screener/files/prost_canc/vina_inib/results/1z95/replicate 3/DTHC/1z95_DTHC_0_replicate3.pdbqt', '/home/screener/files/prost_canc/vina_inib/results/1z95/replicate 3/DTHC/1z95_DTHC_1_replicate3.pdbqt', '/home/screener/files/prost_canc/vina_inib/results/1z95/replicate 3/DTHC/1z95_DTHC_2_replicate3.pdbqt', '/home/screener/files/prost_canc/vina_inib/results/1z95/replicate 3/DTHC/1z95_DTHC_3_replicate3.pdbqt', '/home/screener/files/prost_canc/vina_inib/results/1z95/replicate 3/DTHC/1z95_DTHC_4_replicate3.pdbqt']","['/home/screener/files/prost_canc/vina_inib/results/1z95/replicate 3/DTHC/1z95_DTHC_0_replicate3.sdf', '/home/screener/files/prost_canc/vina_inib/results/1z95/replicate 3/DTHC/1z95_DTHC_1_replicate3.sdf', '/home/screener/files/prost_canc/vina_inib/results/1z95/replicate 3/DTHC/1z95_DTHC_2_replicate3.sdf', '/home/screener/files/prost_canc/vina_inib/results/1z95/replicate 3/DTHC/1z95_DTHC_3_replicate3.sdf', '/home/screener/files/prost_canc/vina_inib/results/1z95/replicate 3/DTHC/1z95_DTHC_4_replicate3.sdf']","[-7.856, -7.355, -7.574, -7.568, -7.53]"
HU210,1z95,3,"['/home/screener/files/prost_canc/vina_inib/results/1z95/replicate 3/HU210/1z95_HU210_0_replicate3.pdbqt', '/home/screener/files/prost_canc/vina_inib/results/1z95/replicate 3/HU210/1z95_HU210_2_replicate3.pdbqt', '/home/screener/files/prost_canc/vina_inib/results/1z95/replicate 3/HU210/1z95_HU210_1_replicate3.pdbqt', '/home/screener/files/prost_canc/vina_inib/results/1z95/replicate 3/HU210/1z95_HU210_3_replicate3.pdbqt', '/home/screener/files/prost_canc/vina_inib/results/1z95/replicate 3/HU210/1z95_HU210_4_replicate3.pdbqt']","['/home/screener/files/prost_canc/vina_inib/results/1z95/replicate 3/HU210/1z95_HU210_0_replicate3.sdf', '/home/screener/files/prost_canc/vina_inib/results/1z95/replicate 3/HU210/1z95_HU210_2_replicate3.sdf', '/home/screener/files/prost_canc/vina_inib/results/1z95/replicate 3/HU210/1z95_HU210_1_replicate3.sdf', '/home/screener/files/prost_canc/vina_inib/results/1z95/replicate 3/HU210/1z95_HU210_3_replicate3.sdf', '/home/screener/files/prost_canc/vina_inib/results/1z95/replicate 3/HU210/1z95_HU210_4_replicate3.sdf']","[-5.62, -5.215, -5.815, -6.427, -5.762]"
R1881,1z95,4,"['/home/screener/files/prost_canc/vina_inib/results/1z95/replicate 4/R1881/1z95_R1881_2_replicate4.pdbqt', '/home/screener/files/prost_canc/vina_inib/results/1z95/replicate 4/R1881/1z95_R1881_0_replicate4.pdbqt', '/home/screener/files/prost_canc/vina_inib/results/1z95/replicate 4/R1881/1z95_R1881_1_replicate4.pdbqt', '/home/screener/files/prost_canc/vina_inib/results/1z95/replicate 4/R1881/1z95_R1881_3_replicate4.pdbqt', '/home/screener/files/prost_canc/vina_inib/results/1z95/replicate 4/R1881/1z95_R1881_4_replicate4.pdbqt']","['/home/screener/files/prost_canc/vina_inib/results/1z95/replicate 4/R1881/1z95_R1881_2_replicate4.sdf', '/home/screener/files/prost_canc/vina_inib/results/1z95/replicate 4/R1881/1z95_R1881_0_replicate4.sdf', '/home/screener/files/prost_canc/vina_inib/results/1z95/replicate 4/R1881/1z95_R1881_1_replicate4.sdf', '/home/screener/files/prost_canc/vina_inib/results/1z95/replicate 4/R1881/1z95_R1881_3_replicate4.sdf', '/home/screener/files/prost_canc/vina_inib/results/1z95/replicate 4/R1881/1z95_R1881_4_replicate4.sdf']","[-9.872, -8.625, -9.929, -8.964, -9.231]"
Testosterone,1z95,4,"['/home/screener/files/prost_canc/vina_inib/results/1z95/replicate 4/Testosterone/1z95_Testosterone_0_replicate4.pdbqt', '/home/screener/files/prost_canc/vina_inib/results/1z95/replicate 4/Testosterone/1z95_Testosterone_1_replicate4.pdbqt', '/home/screener/files/prost_canc/vina_inib/results/1z95/replicate 4/Testosterone/1z95_Testosterone_3_replicate4.pdbqt', '/home/screener/files/prost_canc/vina_inib/results/1z95/replicate 4/Testosterone/1z95_Testosterone_2_replicate4.pdbqt', '/home/screener/files/prost_canc/vina_inib/results/1z95/replicate 4/Testosterone/1z95_Testosterone_4_replicate4.pdbqt']","['/home/screener/files/prost_canc/vina_inib/results/1z95/replicate 4/Testosterone/1z95_Testosterone_0_replicate4.sdf', '/home/screener/files/prost_canc/vina_inib/results/1z95/replicate 4/Testosterone/1z95_Testosterone_1_replicate4.sdf', '/home/screener/files/prost_canc/vina_inib/results/1z95/replicate 4/Testosterone/1z95_Testosterone_3_replicate4.sdf', '/home/screener/files/prost_canc/vina_inib/results/1z95/replicate 4/Testosterone/1z95_Testosterone_2_replicate4.sdf', '/home/screener/files/prost_canc/vina_inib/results/1z95/replicate 4/Testosterone/1z95_Testosterone_4_replicate4.sdf']","[-8.114, -7.972, -6.237, -7.499, -7.617]"
RBICALUTAMIDE,1z95,4,"['/home/screener/files/prost_canc/vina_inib/results/1z95/replicate 4/RBICALUTAMIDE/1z95_RBICALUTAMIDE_0_replicate4.pdbqt', '/home/screener/files/prost_canc/vina_inib/results/1z95/replicate 4/RBICALUTAMIDE/1z95_RBICALUTAMIDE_1_replicate4.pdbqt', '/home/screener/files/prost_canc/vina_inib/results/1z95/replicate 4/RBICALUTAMIDE/1z95_RBICALUTAMIDE_2_replicate4.pdbqt', '/home/screener/files/prost_canc/vina_inib/results/1z95/replicate 4/RBICALUTAMIDE/1z95_RBICALUTAMIDE_3_replicate4.pdbqt', '/home/screener/files/prost_canc/vina_inib/results/1z95/replicate 4/RBICALUTAMIDE/1z95_RBICALUTAMIDE_4_replicate4.pdbqt']","['/home/screener/files/prost_canc/vina_inib/results/1z95/replicate 4/RBICALUTAMIDE/1z95_RBICALUTAMIDE_0_replicate4.sdf', '/home/screener/files/prost_canc/vina_inib/results/1z95/replicate 4/RBICALUTAMIDE/1z95_RBICALUTAMIDE_1_replicate4.sdf', '/home/screener/files/prost_canc/vina_inib/results/1z95/replicate 4/RBICALUTAMIDE/1z95_RBICALUTAMIDE_2_replicate4.sdf', '/home/screener/files/prost_canc/vina_inib/results/1z95/replicate 4/RBICALUTAMIDE/1z95_RBICALUTAMIDE_3_replicate4.sdf', '/home/screener/files/prost_canc/vina_inib/results/1z95/replicate 4/RBICALUTAMIDE/1z95_RBICALUTAMIDE_4_replicate4.sdf']","[-10.408, -10.363, -10.44, -10.351, -10.432]"
MDMBCHMINACA,1z95,4,"['/home/screener/files/prost_canc/vina_inib/results/1z95/replicate 4/MDMBCHMINACA/1z95_MDMBCHMINACA_0_replicate4.pdbqt', '/home/screener/files/prost_canc/vina_inib/results/1z95/replicate 4/MDMBCHMINACA/1z95_MDMBCHMINACA_1_replicate4.pdbqt', '/home/screener/files/prost_canc/vina_inib/results/1z95/replicate 4/MDMBCHMINACA/1z95_MDMBCHMINACA_3_replicate4.pdbqt', '/home/screener/files/prost_canc/vina_inib/results/1z95/replicate 4/MDMBCHMINACA/1z95_MDMBCHMINACA_2_replicate4.pdbqt', '/home/screener/files/prost_canc/vina_inib/results/1z95/replicate 4/MDMBCHMINACA/1z95_MDMBCHMINACA_4_replicate4.pdbqt']","['/home/screener/files/prost_canc/vina_inib/results/1z95/replicate 4/MDMBCHMINACA/1z95_MDMBCHMINACA_0_replicate4.sdf', '/home/screener/files/prost_canc/vina_inib/results/1z95/replicate 4/MDMBCHMINACA/1z95_MDMBCHMINACA_1_replicate4.sdf', '/home/screener/files/prost_canc/vina_inib/results/1z95/replicate 4/MDMBCHMINACA/1z95_MDMBCHMINACA_3_replicate4.sdf', '/home/screener/files/prost_canc/vina_inib/results/1z95/replicate 4/MDMBCHMINACA/1z95_MDMBCHMINACA_2_replicate4.sdf', '/home/screener/files/prost_canc/vina_inib/results/1z95/replicate 4/MDMBCHMINACA/1z95_MDMBCHMINACA_4_replicate4.sdf']","[-7.071, -8.417, -7.112, -7.537, -7.641]"
LTHC,1z95,4,"['/home/screener/files/prost_canc/vina_inib/results/1z95/replicate 4/LTHC/1z95_LTHC_0_replicate4.pdbqt', '/home/screener/files/prost_canc/vina_inib/results/1z95/replicate 4/LTHC/1z95_LTHC_1_replicate4.pdbqt', '/home/screener/files/prost_canc/vina_inib/results/1z95/replicate 4/LTHC/1z95_LTHC_2_replicate4.pdbqt', '/home/screener/files/prost_canc/vina_inib/results/1z95/replicate 4/LTHC/1z95_LTHC_3_replicate4.pdbqt', '/home/screener/files/prost_canc/vina_inib/results/1z95/replicate 4/LTHC/1z95_LTHC_4_replicate4.pdbqt']","['/home/screener/files/prost_canc/vina_inib/results/1z95/replicate 4/LTHC/1z95_LTHC_0_replicate4.sdf', '/home/screener/files/prost_canc/vina_inib/results/1z95/replicate 4/LTHC/1z95_LTHC_1_replicate4.sdf', '/home/screener/files/prost_canc/vina_inib/results/1z95/replicate 4/LTHC/1z95_LTHC_2_replicate4.sdf', '/home/screener/files/prost_canc/vina_inib/results/1z95/replicate 4/LTHC/1z95_LTHC_3_replicate4.sdf', '/home/screener/files/prost_canc/vina_inib/results/1z95/replicate 4/LTHC/1z95_LTHC_4_replicate4.sdf']","[-7.856, -7.355, -7.574, -7.568, -7.53]"
CBN,1z95,4,"['/home/screener/files/prost_canc/vina_inib/results/1z95/replicate 4/CBN/1z95_CBN_0_replicate4.pdbqt', '/home/screener/files/prost_canc/vina_inib/results/1z95/replicate 4/CBN/1z95_CBN_1_replicate4.pdbqt', '/home/screener/files/prost_canc/vina_inib/results/1z95/replicate 4/CBN/1z95_CBN_2_replicate4.pdbqt', '/home/screener/files/prost_canc/vina_inib/results/1z95/replicate 4/CBN/1z95_CBN_3_replicate4.pdbqt', '/home/screener/files/prost_canc/vina_inib/results/1z95/replicate 4/CBN/1z95_CBN_4_replicate4.pdbqt']","['/home/screener/files/prost_canc/vina_inib/results/1z95/replicate 4/CBN/1z95_CBN_0_replicate4.sdf', '/home/screener/files/prost_canc/vina_inib/results/1z95/replicate 4/CBN/1z95_CBN_1_replicate4.sdf', '/home/screener/files/prost_canc/vina_inib/results/1z95/replicate 4/CBN/1z95_CBN_2_replicate4.sdf', '/home/screener/files/prost_canc/vina_inib/results/1z95/replicate 4/CBN/1z95_CBN_3_replicate4.sdf', '/home/screener/files/prost_canc/vina_inib/results/1z95/replicate 4/CBN/1z95_CBN_4_replicate4.sdf']","[-7.542, -7.683, -7.575, -7.591, -7.574]"
DHT,1z95,4,"['/home/screener/files/prost_canc/vina_inib/results/1z95/replicate 4/DHT/1z95_DHT_0_replicate4.pdbqt', '/home/screener/files/prost_canc/vina_inib/results/1z95/replicate 4/DHT/1z95_DHT_1_replicate4.pdbqt', '/home/screener/files/prost_canc/vina_inib/results/1z95/replicate 4/DHT/1z95_DHT_2_replicate4.pdbqt', '/home/screener/files/prost_canc/vina_inib/results/1z95/replicate 4/DHT/1z95_DHT_3_replicate4.pdbqt', '/home/screener/files/prost_canc/vina_inib/results/1z95/replicate 4/DHT/1z95_DHT_4_replicate4.pdbqt']","['/home/screener/files/prost_canc/vina_inib/results/1z95/replicate 4/DHT/1z95_DHT_0_replicate4.sdf', '/home/screener/files/prost_canc/vina_inib/results/1z95/replicate 4/DHT/1z95_DHT_1_replicate4.sdf', '/home/screener/files/prost_canc/vina_inib/results/1z95/replicate 4/DHT/1z95_DHT_2_replicate4.sdf', '/home/screener/files/prost_canc/vina_inib/results/1z95/replicate 4/DHT/1z95_DHT_3_replicate4.sdf', '/home/screener/files/prost_canc/vina_inib/results/1z95/replicate 4/DHT/1z95_DHT_4_replicate4.sdf']","[-8.004, -8.035, -7.021, -8.025, -8.897]"
5FAKB48,1z95,4,"['/home/screener/files/prost_canc/vina_inib/results/1z95/replicate 4/5FAKB48/1z95_5FAKB48_0_replicate4.pdbqt', '/home/screener/files/prost_canc/vina_inib/results/1z95/replicate 4/5FAKB48/1z95_5FAKB48_1_replicate4.pdbqt', '/home/screener/files/prost_canc/vina_inib/results/1z95/replicate 4/5FAKB48/1z95_5FAKB48_2_replicate4.pdbqt', '/home/screener/files/prost_canc/vina_inib/results/1z95/replicate 4/5FAKB48/1z95_5FAKB48_3_replicate4.pdbqt', '/home/screener/files/prost_canc/vina_inib/results/1z95/replicate 4/5FAKB48/1z95_5FAKB48_4_replicate4.pdbqt']","['/home/screener/files/prost_canc/vina_inib/results/1z95/replicate 4/5FAKB48/1z95_5FAKB48_0_replicate4.sdf', '/home/screener/files/prost_canc/vina_inib/results/1z95/replicate 4/5FAKB48/1z95_5FAKB48_1_replicate4.sdf', '/home/screener/files/prost_canc/vina_inib/results/1z95/replicate 4/5FAKB48/1z95_5FAKB48_2_replicate4.sdf', '/home/screener/files/prost_canc/vina_inib/results/1z95/replicate 4/5FAKB48/1z95_5FAKB48_3_replicate4.sdf', '/home/screener/files/prost_canc/vina_inib/results/1z95/replicate 4/5FAKB48/1z95_5FAKB48_4_replicate4.sdf']","[-6.893, -7.486, -6.908, -6.702, -6.919]"
CBD,1z95,4,"['/home/screener/files/prost_canc/vina_inib/results/1z95/replicate 4/CBD/1z95_CBD_0_replicate4.pdbqt', '/home/screener/files/prost_canc/vina_inib/results/1z95/replicate 4/CBD/1z95_CBD_1_replicate4.pdbqt', '/home/screener/files/prost_canc/vina_inib/results/1z95/replicate 4/CBD/1z95_CBD_2_replicate4.pdbqt', '/home/screener/files/prost_canc/vina_inib/results/1z95/replicate 4/CBD/1z95_CBD_3_replicate4.pdbqt', '/home/screener/files/prost_canc/vina_inib/results/1z95/replicate 4/CBD/1z95_CBD_4_replicate4.pdbqt']","['/home/screener/files/prost_canc/vina_inib/results/1z95/replicate 4/CBD/1z95_CBD_0_replicate4.sdf', '/home/screener/files/prost_canc/vina_inib/results/1z95/replicate 4/CBD/1z95_CBD_1_replicate4.sdf', '/home/screener/files/prost_canc/vina_inib/results/1z95/replicate 4/CBD/1z95_CBD_2_replicate4.sdf', '/home/screener/files/prost_canc/vina_inib/results/1z95/replicate 4/CBD/1z95_CBD_3_replicate4.sdf', '/home/screener/files/prost_canc/vina_inib/results/1z95/replicate 4/CBD/1z95_CBD_4_replicate4.sdf']","[-7.259, -6.955, -6.889, -8.063, -7.164]"
DTHC,1z95,4,"['/home/screener/files/prost_canc/vina_inib/results/1z95/replicate 4/DTHC/1z95_DTHC_0_replicate4.pdbqt', '/home/screener/files/prost_canc/vina_inib/results/1z95/replicate 4/DTHC/1z95_DTHC_1_replicate4.pdbqt', '/home/screener/files/prost_canc/vina_inib/results/1z95/replicate 4/DTHC/1z95_DTHC_2_replicate4.pdbqt', '/home/screener/files/prost_canc/vina_inib/results/1z95/replicate 4/DTHC/1z95_DTHC_3_replicate4.pdbqt', '/home/screener/files/prost_canc/vina_inib/results/1z95/replicate 4/DTHC/1z95_DTHC_4_replicate4.pdbqt']","['/home/screener/files/prost_canc/vina_inib/results/1z95/replicate 4/DTHC/1z95_DTHC_0_replicate4.sdf', '/home/screener/files/prost_canc/vina_inib/results/1z95/replicate 4/DTHC/1z95_DTHC_1_replicate4.sdf', '/home/screener/files/prost_canc/vina_inib/results/1z95/replicate 4/DTHC/1z95_DTHC_2_replicate4.sdf', '/home/screener/files/prost_canc/vina_inib/results/1z95/replicate 4/DTHC/1z95_DTHC_3_replicate4.sdf', '/home/screener/files/prost_canc/vina_inib/results/1z95/replicate 4/DTHC/1z95_DTHC_4_replicate4.sdf']","[-7.856, -7.355, -7.574, -7.568, -7.53]"
HU210,1z95,4,"['/home/screener/files/prost_canc/vina_inib/results/1z95/replicate 4/HU210/1z95_HU210_0_replicate4.pdbqt', '/home/screener/files/prost_canc/vina_inib/results/1z95/replicate 4/HU210/1z95_HU210_1_replicate4.pdbqt', '/home/screener/files/prost_canc/vina_inib/results/1z95/replicate 4/HU210/1z95_HU210_2_replicate4.pdbqt', '/home/screener/files/prost_canc/vina_inib/results/1z95/replicate 4/HU210/1z95_HU210_3_replicate4.pdbqt', '/home/screener/files/prost_canc/vina_inib/results/1z95/replicate 4/HU210/1z95_HU210_4_replicate4.pdbqt']","['/home/screener/files/prost_canc/vina_inib/results/1z95/replicate 4/HU210/1z95_HU210_0_replicate4.sdf', '/home/screener/files/prost_canc/vina_inib/results/1z95/replicate 4/HU210/1z95_HU210_1_replicate4.sdf', '/home/screener/files/prost_canc/vina_inib/results/1z95/replicate 4/HU210/1z95_HU210_2_replicate4.sdf', '/home/screener/files/prost_canc/vina_inib/results/1z95/replicate 4/HU210/1z95_HU210_3_replicate4.sdf', '/home/screener/files/prost_canc/vina_inib/results/1z95/replicate 4/HU210/1z95_HU210_4_replicate4.sdf']","[-5.62, -5.815, -5.215, -6.427, -5.762]"
R1881,1z95,5,"['/home/screener/files/prost_canc/vina_inib/results/1z95/replicate 5/R1881/1z95_R1881_2_replicate5.pdbqt', '/home/screener/files/prost_canc/vina_inib/results/1z95/replicate 5/R1881/1z95_R1881_0_replicate5.pdbqt', '/home/screener/files/prost_canc/vina_inib/results/1z95/replicate 5/R1881/1z95_R1881_1_replicate5.pdbqt', '/home/screener/files/prost_canc/vina_inib/results/1z95/replicate 5/R1881/1z95_R1881_3_replicate5.pdbqt', '/home/screener/files/prost_canc/vina_inib/results/1z95/replicate 5/R1881/1z95_R1881_4_replicate5.pdbqt']","['/home/screener/files/prost_canc/vina_inib/results/1z95/replicate 5/R1881/1z95_R1881_2_replicate5.sdf', '/home/screener/files/prost_canc/vina_inib/results/1z95/replicate 5/R1881/1z95_R1881_0_replicate5.sdf', '/home/screener/files/prost_canc/vina_inib/results/1z95/replicate 5/R1881/1z95_R1881_1_replicate5.sdf', '/home/screener/files/prost_canc/vina_inib/results/1z95/replicate 5/R1881/1z95_R1881_3_replicate5.sdf', '/home/screener/files/prost_canc/vina_inib/results/1z95/replicate 5/R1881/1z95_R1881_4_replicate5.sdf']","[-9.872, -8.625, -9.929, -8.964, -9.231]"
Testosterone,1z95,5,"['/home/screener/files/prost_canc/vina_inib/results/1z95/replicate 5/Testosterone/1z95_Testosterone_0_replicate5.pdbqt', '/home/screener/files/prost_canc/vina_inib/results/1z95/replicate 5/Testosterone/1z95_Testosterone_1_replicate5.pdbqt', '/home/screener/files/prost_canc/vina_inib/results/1z95/replicate 5/Testosterone/1z95_Testosterone_3_replicate5.pdbqt', '/home/screener/files/prost_canc/vina_inib/results/1z95/replicate 5/Testosterone/1z95_Testosterone_2_replicate5.pdbqt', '/home/screener/files/prost_canc/vina_inib/results/1z95/replicate 5/Testosterone/1z95_Testosterone_4_replicate5.pdbqt']","['/home/screener/files/prost_canc/vina_inib/results/1z95/replicate 5/Testosterone/1z95_Testosterone_0_replicate5.sdf', '/home/screener/files/prost_canc/vina_inib/results/1z95/replicate 5/Testosterone/1z95_Testosterone_1_replicate5.sdf', '/home/screener/files/prost_canc/vina_inib/results/1z95/replicate 5/Testosterone/1z95_Testosterone_3_replicate5.sdf', '/home/screener/files/prost_canc/vina_inib/results/1z95/replicate 5/Testosterone/1z95_Testosterone_2_replicate5.sdf', '/home/screener/files/prost_canc/vina_inib/results/1z95/replicate 5/Testosterone/1z95_Testosterone_4_replicate5.sdf']","[-8.114, -7.972, -6.237, -7.499, -7.617]"
RBICALUTAMIDE,1z95,5,"['/home/screener/files/prost_canc/vina_inib/results/1z95/replicate 5/RBICALUTAMIDE/1z95_RBICALUTAMIDE_0_replicate5.pdbqt', '/home/screener/files/prost_canc/vina_inib/results/1z95/replicate 5/RBICALUTAMIDE/1z95_RBICALUTAMIDE_1_replicate5.pdbqt', '/home/screener/files/prost_canc/vina_inib/results/1z95/replicate 5/RBICALUTAMIDE/1z95_RBICALUTAMIDE_2_replicate5.pdbqt', '/home/screener/files/prost_canc/vina_inib/results/1z95/replicate 5/RBICALUTAMIDE/1z95_RBICALUTAMIDE_3_replicate5.pdbqt', '/home/screener/files/prost_canc/vina_inib/results/1z95/replicate 5/RBICALUTAMIDE/1z95_RBICALUTAMIDE_4_replicate5.pdbqt']","['/home/screener/files/prost_canc/vina_inib/results/1z95/replicate 5/RBICALUTAMIDE/1z95_RBICALUTAMIDE_0_replicate5.sdf', '/home/screener/files/prost_canc/vina_inib/results/1z95/replicate 5/RBICALUTAMIDE/1z95_RBICALUTAMIDE_1_replicate5.sdf', '/home/screener/files/prost_canc/vina_inib/results/1z95/replicate 5/RBICALUTAMIDE/1z95_RBICALUTAMIDE_2_replicate5.sdf', '/home/screener/files/prost_canc/vina_inib/results/1z95/replicate 5/RBICALUTAMIDE/1z95_RBICALUTAMIDE_3_replicate5.sdf', '/home/screener/files/prost_canc/vina_inib/results/1z95/replicate 5/RBICALUTAMIDE/1z95_RBICALUTAMIDE_4_replicate5.sdf']","[-10.408, -10.363, -10.44, -10.351, -10.432]"
MDMBCHMINACA,1z95,5,"['/home/screener/files/prost_canc/vina_inib/results/1z95/replicate 5/MDMBCHMINACA/1z95_MDMBCHMINACA_0_replicate5.pdbqt', '/home/screener/files/prost_canc/vina_inib/results/1z95/replicate 5/MDMBCHMINACA/1z95_MDMBCHMINACA_1_replicate5.pdbqt', '/home/screener/files/prost_canc/vina_inib/results/1z95/replicate 5/MDMBCHMINACA/1z95_MDMBCHMINACA_2_replicate5.pdbqt', '/home/screener/files/prost_canc/vina_inib/results/1z95/replicate 5/MDMBCHMINACA/1z95_MDMBCHMINACA_3_replicate5.pdbqt', '/home/screener/files/prost_canc/vina_inib/results/1z95/replicate 5/MDMBCHMINACA/1z95_MDMBCHMINACA_4_replicate5.pdbqt']","['/home/screener/files/prost_canc/vina_inib/results/1z95/replicate 5/MDMBCHMINACA/1z95_MDMBCHMINACA_0_replicate5.sdf', '/home/screener/files/prost_canc/vina_inib/results/1z95/replicate 5/MDMBCHMINACA/1z95_MDMBCHMINACA_1_replicate5.sdf', '/home/screener/files/prost_canc/vina_inib/results/1z95/replicate 5/MDMBCHMINACA/1z95_MDMBCHMINACA_2_replicate5.sdf', '/home/screener/files/prost_canc/vina_inib/results/1z95/replicate 5/MDMBCHMINACA/1z95_MDMBCHMINACA_3_replicate5.sdf', '/home/screener/files/prost_canc/vina_inib/results/1z95/replicate 5/MDMBCHMINACA/1z95_MDMBCHMINACA_4_replicate5.sdf']","[-7.071, -8.417, -7.537, -7.112, -7.641]"
LTHC,1z95,5,"['/home/screener/files/prost_canc/vina_inib/results/1z95/replicate 5/LTHC/1z95_LTHC_0_replicate5.pdbqt', '/home/screener/files/prost_canc/vina_inib/results/1z95/replicate 5/LTHC/1z95_LTHC_1_replicate5.pdbqt', '/home/screener/files/prost_canc/vina_inib/results/1z95/replicate 5/LTHC/1z95_LTHC_2_replicate5.pdbqt', '/home/screener/files/prost_canc/vina_inib/results/1z95/replicate 5/LTHC/1z95_LTHC_3_replicate5.pdbqt', '/home/screener/files/prost_canc/vina_inib/results/1z95/replicate 5/LTHC/1z95_LTHC_4_replicate5.pdbqt']","['/home/screener/files/prost_canc/vina_inib/results/1z95/replicate 5/LTHC/1z95_LTHC_0_replicate5.sdf', '/home/screener/files/prost_canc/vina_inib/results/1z95/replicate 5/LTHC/1z95_LTHC_1_replicate5.sdf', '/home/screener/files/prost_canc/vina_inib/results/1z95/replicate 5/LTHC/1z95_LTHC_2_replicate5.sdf', '/home/screener/files/prost_canc/vina_inib/results/1z95/replicate 5/LTHC/1z95_LTHC_3_replicate5.sdf', '/home/screener/files/prost_canc/vina_inib/results/1z95/replicate 5/LTHC/1z95_LTHC_4_replicate5.sdf']","[-7.856, -7.355, -7.574, -7.568, -7.53]"
CBN,1z95,5,"['/home/screener/files/prost_canc/vina_inib/results/1z95/replicate 5/CBN/1z95_CBN_0_replicate5.pdbqt', '/home/screener/files/prost_canc/vina_inib/results/1z95/replicate 5/CBN/1z95_CBN_1_replicate5.pdbqt', '/home/screener/files/prost_canc/vina_inib/results/1z95/replicate 5/CBN/1z95_CBN_2_replicate5.pdbqt', '/home/screener/files/prost_canc/vina_inib/results/1z95/replicate 5/CBN/1z95_CBN_3_replicate5.pdbqt', '/home/screener/files/prost_canc/vina_inib/results/1z95/replicate 5/CBN/1z95_CBN_4_replicate5.pdbqt']","['/home/screener/files/prost_canc/vina_inib/results/1z95/replicate 5/CBN/1z95_CBN_0_replicate5.sdf', '/home/screener/files/prost_canc/vina_inib/results/1z95/replicate 5/CBN/1z95_CBN_1_replicate5.sdf', '/home/screener/files/prost_canc/vina_inib/results/1z95/replicate 5/CBN/1z95_CBN_2_replicate5.sdf', '/home/screener/files/prost_canc/vina_inib/results/1z95/replicate 5/CBN/1z95_CBN_3_replicate5.sdf', '/home/screener/files/prost_canc/vina_inib/results/1z95/replicate 5/CBN/1z95_CBN_4_replicate5.sdf']","[-7.542, -7.683, -7.575, -7.591, -7.574]"
DHT,1z95,5,"['/home/screener/files/prost_canc/vina_inib/results/1z95/replicate 5/DHT/1z95_DHT_0_replicate5.pdbqt', '/home/screener/files/prost_canc/vina_inib/results/1z95/replicate 5/DHT/1z95_DHT_1_replicate5.pdbqt', '/home/screener/files/prost_canc/vina_inib/results/1z95/replicate 5/DHT/1z95_DHT_2_replicate5.pdbqt', '/home/screener/files/prost_canc/vina_inib/results/1z95/replicate 5/DHT/1z95_DHT_3_replicate5.pdbqt', '/home/screener/files/prost_canc/vina_inib/results/1z95/replicate 5/DHT/1z95_DHT_4_replicate5.pdbqt']","['/home/screener/files/prost_canc/vina_inib/results/1z95/replicate 5/DHT/1z95_DHT_0_replicate5.sdf', '/home/screener/files/prost_canc/vina_inib/results/1z95/replicate 5/DHT/1z95_DHT_1_replicate5.sdf', '/home/screener/files/prost_canc/vina_inib/results/1z95/replicate 5/DHT/1z95_DHT_2_replicate5.sdf', '/home/screener/files/prost_canc/vina_inib/results/1z95/replicate 5/DHT/1z95_DHT_3_replicate5.sdf', '/home/screener/files/prost_canc/vina_inib/results/1z95/replicate 5/DHT/1z95_DHT_4_replicate5.sdf']","[-8.004, -8.035, -7.021, -8.025, -8.897]"
5FAKB48,1z95,5,"['/home/screener/files/prost_canc/vina_inib/results/1z95/replicate 5/5FAKB48/1z95_5FAKB48_0_replicate5.pdbqt', '/home/screener/files/prost_canc/vina_inib/results/1z95/replicate 5/5FAKB48/1z95_5FAKB48_1_replicate5.pdbqt', '/home/screener/files/prost_canc/vina_inib/results/1z95/replicate 5/5FAKB48/1z95_5FAKB48_2_replicate5.pdbqt', '/home/screener/files/prost_canc/vina_inib/results/1z95/replicate 5/5FAKB48/1z95_5FAKB48_3_replicate5.pdbqt', '/home/screener/files/prost_canc/vina_inib/results/1z95/replicate 5/5FAKB48/1z95_5FAKB48_4_replicate5.pdbqt']","['/home/screener/files/prost_canc/vina_inib/results/1z95/replicate 5/5FAKB48/1z95_5FAKB48_0_replicate5.sdf', '/home/screener/files/prost_canc/vina_inib/results/1z95/replicate 5/5FAKB48/1z95_5FAKB48_1_replicate5.sdf', '/home/screener/files/prost_canc/vina_inib/results/1z95/replicate 5/5FAKB48/1z95_5FAKB48_2_replicate5.sdf', '/home/screener/files/prost_canc/vina_inib/results/1z95/replicate 5/5FAKB48/1z95_5FAKB48_3_replicate5.sdf', '/home/screener/files/prost_canc/vina_inib/results/1z95/replicate 5/5FAKB48/1z95_5FAKB48_4_replicate5.sdf']","[-6.893, -7.486, -6.908, -6.702, -6.919]"
CBD,1z95,5,"['/home/screener/files/prost_canc/vina_inib/results/1z95/replicate 5/CBD/1z95_CBD_0_replicate5.pdbqt', '/home/screener/files/prost_canc/vina_inib/results/1z95/replicate 5/CBD/1z95_CBD_1_replicate5.pdbqt', '/home/screener/files/prost_canc/vina_inib/results/1z95/replicate 5/CBD/1z95_CBD_2_replicate5.pdbqt', '/home/screener/files/prost_canc/vina_inib/results/1z95/replicate 5/CBD/1z95_CBD_3_replicate5.pdbqt', '/home/screener/files/prost_canc/vina_inib/results/1z95/replicate 5/CBD/1z95_CBD_4_replicate5.pdbqt']","['/home/screener/files/prost_canc/vina_inib/results/1z95/replicate 5/CBD/1z95_CBD_0_replicate5.sdf', '/home/screener/files/prost_canc/vina_inib/results/1z95/replicate 5/CBD/1z95_CBD_1_replicate5.sdf', '/home/screener/files/prost_canc/vina_inib/results/1z95/replicate 5/CBD/1z95_CBD_2_replicate5.sdf', '/home/screener/files/prost_canc/vina_inib/results/1z95/replicate 5/CBD/1z95_CBD_3_replicate5.sdf', '/home/screener/files/prost_canc/vina_inib/results/1z95/replicate 5/CBD/1z95_CBD_4_replicate5.sdf']","[-7.259, -6.955, -6.889, -8.063, -7.164]"
DTHC,1z95,5,"['/home/screener/files/prost_canc/vina_inib/results/1z95/replicate 5/DTHC/1z95_DTHC_0_replicate5.pdbqt', '/home/screener/files/prost_canc/vina_inib/results/1z95/replicate 5/DTHC/1z95_DTHC_1_replicate5.pdbqt', '/home/screener/files/prost_canc/vina_inib/results/1z95/replicate 5/DTHC/1z95_DTHC_2_replicate5.pdbqt', '/home/screener/files/prost_canc/vina_inib/results/1z95/replicate 5/DTHC/1z95_DTHC_3_replicate5.pdbqt', '/home/screener/files/prost_canc/vina_inib/results/1z95/replicate 5/DTHC/1z95_DTHC_4_replicate5.pdbqt']","['/home/screener/files/prost_canc/vina_inib/results/1z95/replicate 5/DTHC/1z95_DTHC_0_replicate5.sdf', '/home/screener/files/prost_canc/vina_inib/results/1z95/replicate 5/DTHC/1z95_DTHC_1_replicate5.sdf', '/home/screener/files/prost_canc/vina_inib/results/1z95/replicate 5/DTHC/1z95_DTHC_2_replicate5.sdf', '/home/screener/files/prost_canc/vina_inib/results/1z95/replicate 5/DTHC/1z95_DTHC_3_replicate5.sdf', '/home/screener/files/prost_canc/vina_inib/results/1z95/replicate 5/DTHC/1z95_DTHC_4_replicate5.sdf']","[-7.856, -7.355, -7.574, -7.568, -7.53]"
HU210,1z95,5,"['/home/screener/files/prost_canc/vina_inib/results/1z95/replicate 5/HU210/1z95_HU210_2_replicate5.pdbqt', '/home/screener/files/prost_canc/vina_inib/results/1z95/replicate 5/HU210/1z95_HU210_0_replicate5.pdbqt', '/home/screener/files/prost_canc/vina_inib/results/1z95/replicate 5/HU210/1z95_HU210_1_replicate5.pdbqt', '/home/screener/files/prost_canc/vina_inib/results/1z95/replicate 5/HU210/1z95_HU210_3_replicate5.pdbqt', '/home/screener/files/prost_canc/vina_inib/results/1z95/replicate 5/HU210/1z95_HU210_4_replicate5.pdbqt']","['/home/screener/files/prost_canc/vina_inib/results/1z95/replicate 5/HU210/1z95_HU210_2_replicate5.sdf', '/home/screener/files/prost_canc/vina_inib/results/1z95/replicate 5/HU210/1z95_HU210_0_replicate5.sdf', '/home/screener/files/prost_canc/vina_inib/results/1z95/replicate 5/HU210/1z95_HU210_1_replicate5.sdf', '/home/screener/files/prost_canc/vina_inib/results/1z95/replicate 5/HU210/1z95_HU210_3_replicate5.sdf', '/home/screener/files/prost_canc/vina_inib/results/1z95/replicate 5/HU210/1z95_HU210_4_replicate5.sdf']","[-5.215, -5.62, -5.815, -6.427, -5.762]"
